Name,URL,State,District,Party,Terms
"Representative Abraham, Ralph Lee",https://www.congress.gov/member/ralph-abraham/A000374,Louisiana,5,Republican,House: 2015-Present
"Representative Adams, Alma S.",https://www.congress.gov/member/alma-adams/A000370,North Carolina,12,Democratic,House: 2014-Present
"Representative Aderholt, Robert B.",https://www.congress.gov/member/robert-aderholt/A000055,Alabama,4,Republican,House: 1997-Present
"Representative Aguilar, Pete",https://www.congress.gov/member/pete-aguilar/A000371,California,31,Democratic,House: 2015-Present
"Representative Allen, Rick W.",https://www.congress.gov/member/rick-allen/A000372,Georgia,12,Republican,House: 2015-Present
"Representative Amash, Justin",https://www.congress.gov/member/justin-amash/A000367,Michigan,3,Republican,House: 2011-Present
"Representative Amodei, Mark E.",https://www.congress.gov/member/mark-amodei/A000369,Nevada,2,Republican,House: 2011-Present
"Representative Ashford, Brad",https://www.congress.gov/member/brad-ashford/A000373,Nebraska,2,Democratic,House: 2015-2017
"Representative Babin, Brian",https://www.congress.gov/member/brian-babin/B001291,Texas,36,Republican,House: 2015-Present
"Representative Barletta, Lou",https://www.congress.gov/member/lou-barletta/B001269,Pennsylvania,11,Republican,House: 2011-2019
"Representative Barr, Andy",https://www.congress.gov/member/andy-barr/B001282,Kentucky,6,Republican,House: 2013-Present
"Representative Barton, Joe",https://www.congress.gov/member/joe-barton/B000213,Texas,6,Republican,House: 1985-2019
"Representative Bass, Karen",https://www.congress.gov/member/karen-bass/B001270,California,37,Democratic,House: 2011-Present
"Representative Beatty, Joyce",https://www.congress.gov/member/joyce-beatty/B001281,Ohio,3,Democratic,House: 2013-Present
"Representative Becerra, Xavier",https://www.congress.gov/member/xavier-becerra/B000287,California,34,Democratic,House: 1993-2017
"Representative Benishek, Dan",https://www.congress.gov/member/dan-benishek/B001271,Michigan,1,Republican,House: 2011-2017
"Representative Bera, Ami",https://www.congress.gov/member/ami-bera/B001287,California,7,Democratic,House: 2013-Present
"Representative Beyer, Donald S., Jr.",https://www.congress.gov/member/donald-beyer/B001292,Virginia,8,Democratic,House: 2015-Present
"Representative Bilirakis, Gus M.",https://www.congress.gov/member/gus-bilirakis/B001257,Florida,12,Republican,House: 2007-Present
"Representative Bishop, Mike",https://www.congress.gov/member/mike-bishop/B001293,Michigan,8,Republican,House: 2015-2019
"Representative Bishop, Rob",https://www.congress.gov/member/rob-bishop/B001250,Utah,1,Republican,House: 2003-Present
"Representative Bishop, Sanford D., Jr.",https://www.congress.gov/member/sanford-bishop/B000490,Georgia,2,Democratic,House: 1993-Present
"Representative Black, Diane",https://www.congress.gov/member/diane-black/B001273,Tennessee,6,Republican,House: 2011-2019
"Senator Blackburn, Marsha",https://www.congress.gov/member/marsha-blackburn/B001243,Tennessee,,Republican,Senate: 2019-Present | House: 2003-2019
"Representative Blum, Rod",https://www.congress.gov/member/rod-blum/B001294,Iowa,1,Republican,House: 2015-2019
"Representative Blumenauer, Earl",https://www.congress.gov/member/earl-blumenauer/B000574,Oregon,3,Democratic,House: 1995-Present
"Representative Boehner, John A.",https://www.congress.gov/member/john-boehner/B000589,Ohio,8,Republican,House: 1991-2015
"Representative Bonamici, Suzanne",https://www.congress.gov/member/suzanne-bonamici/B001278,Oregon,1,Democratic,House: 2012-Present
"Representative Bordallo, Madeleine Z.",https://www.congress.gov/member/madeleine-bordallo/B001245,Guam,,Democratic,House: 2003-2019
"Representative Bost, Mike",https://www.congress.gov/member/mike-bost/B001295,Illinois,12,Republican,House: 2015-Present
"Representative Boustany, Charles W., Jr.",https://www.congress.gov/member/charles-boustany/B001255,Louisiana,3,Republican,House: 2005-2017
"Representative Boyle, Brendan F.",https://www.congress.gov/member/brendan-boyle/B001296,Pennsylvania,2,Democratic,House: 2015-Present
"Representative Brady, Kevin",https://www.congress.gov/member/kevin-brady/B000755,Texas,8,Republican,House: 1997-Present
"Representative Brady, Robert A.",https://www.congress.gov/member/robert-brady/B001227,Pennsylvania,1,Democratic,House: 1997-2019
"Representative Brat, Dave",https://www.congress.gov/member/dave-brat/B001290,Virginia,7,Republican,House: 2014-2019
"Representative Bridenstine, Jim",https://www.congress.gov/member/jim-bridenstine/B001283,Oklahoma,1,Republican,House: 2013-2018
"Representative Brooks, Mo",https://www.congress.gov/member/mo-brooks/B001274,Alabama,5,Republican,House: 2011-Present
"Representative Brooks, Susan W.",https://www.congress.gov/member/susan-brooks/B001284,Indiana,5,Republican,House: 2013-Present
"Representative Brown, Corrine",https://www.congress.gov/member/corrine-brown/B000911,Florida,5,Democratic,House: 1993-2017
"Representative Brownley, Julia",https://www.congress.gov/member/julia-brownley/B001285,California,26,Democratic,House: 2013-Present
"Representative Buchanan, Vern",https://www.congress.gov/member/vern-buchanan/B001260,Florida,16,Republican,House: 2007-Present
"Representative Buck, Ken",https://www.congress.gov/member/ken-buck/B001297,Colorado,4,Republican,House: 2015-Present
"Representative Bucshon, Larry",https://www.congress.gov/member/larry-bucshon/B001275,Indiana,8,Republican,House: 2011-Present
"Representative Burgess, Michael C.",https://www.congress.gov/member/michael-burgess/B001248,Texas,26,Republican,House: 2003-Present
"Representative Bustos, Cheri",https://www.congress.gov/member/cheri-bustos/B001286,Illinois,17,Democratic,House: 2013-Present
"Representative Butterfield, G. K.",https://www.congress.gov/member/g-k-butterfield/B001251,North Carolina,1,Democratic,House: 2004-Present
"Representative Byrne, Bradley",https://www.congress.gov/member/bradley-byrne/B001289,Alabama,1,Republican,House: 2014-Present
"Representative Calvert, Ken",https://www.congress.gov/member/ken-calvert/C000059,California,42,Republican,House: 1993-Present
"Representative Capps, Lois",https://www.congress.gov/member/lois-capps/C001036,California,24,Democratic,House: 1997-2017
"Representative Capuano, Michael E.",https://www.congress.gov/member/michael-capuano/C001037,Massachusetts,7,Democratic,House: 1999-2019
"Representative Cardenas, Tony",https://www.congress.gov/member/tony-cardenas/C001097,California,29,Democratic,House: 2013-Present
"Representative Carney, John C., Jr.",https://www.congress.gov/member/john-carney/C001083,Delaware,,Democratic,House: 2011-2017
"Representative Carson, Andre",https://www.congress.gov/member/andre-carson/C001072,Indiana,7,Democratic,House: 2008-Present
"Representative Carter, Earl L. ""Buddy""",https://www.congress.gov/member/earl-carter/C001103,Georgia,1,Republican,House: 2015-Present
"Representative Carter, John R.",https://www.congress.gov/member/john-carter/C001051,Texas,31,Republican,House: 2003-Present
"Representative Cartwright, Matt",https://www.congress.gov/member/matt-cartwright/C001090,Pennsylvania,8,Democratic,House: 2013-Present
"Representative Castor, Kathy",https://www.congress.gov/member/kathy-castor/C001066,Florida,14,Democratic,House: 2007-Present
"Representative Castro, Joaquin",https://www.congress.gov/member/joaquin-castro/C001091,Texas,20,Democratic,House: 2013-Present
"Representative Chabot, Steve",https://www.congress.gov/member/steve-chabot/C000266,Ohio,1,Republican,"House: 1995-2009, 2011-Present"
"Representative Chaffetz, Jason",https://www.congress.gov/member/jason-chaffetz/C001076,Utah,3,Republican,House: 2009-2017
"Representative Chu, Judy",https://www.congress.gov/member/judy-chu/C001080,California,27,Democratic,House: 2009-Present
"Representative Cicilline, David N.",https://www.congress.gov/member/david-cicilline/C001084,Rhode Island,1,Democratic,House: 2011-Present
"Representative Clark, Katherine M.",https://www.congress.gov/member/katherine-clark/C001101,Massachusetts,5,Democratic,House: 2013-Present
"Representative Clarke, Yvette D.",https://www.congress.gov/member/yvette-clarke/C001067,New York,9,Democratic,House: 2007-Present
"Representative Clawson, Curt",https://www.congress.gov/member/curt-clawson/C001102,Florida,19,Republican,House: 2014-2017
"Representative Clay, Wm. Lacy",https://www.congress.gov/member/wm-clay/C001049,Missouri,1,Democratic,House: 2001-Present
"Representative Cleaver, Emanuel",https://www.congress.gov/member/emanuel-cleaver/C001061,Missouri,5,Democratic,House: 2005-Present
"Representative Clyburn, James E.",https://www.congress.gov/member/james-clyburn/C000537,South Carolina,6,Democratic,House: 1993-Present
"Representative Coffman, Mike",https://www.congress.gov/member/mike-coffman/C001077,Colorado,6,Republican,House: 2009-2019
"Representative Cohen, Steve",https://www.congress.gov/member/steve-cohen/C001068,Tennessee,9,Democratic,House: 2007-Present
"Representative Cole, Tom",https://www.congress.gov/member/tom-cole/C001053,Oklahoma,4,Republican,House: 2003-Present
"Representative Collins, Chris",https://www.congress.gov/member/chris-collins/C001092,New York,27,Republican,House: 2013-Present
"Representative Collins, Doug",https://www.congress.gov/member/doug-collins/C001093,Georgia,9,Republican,House: 2013-Present
"Representative Comer, James",https://www.congress.gov/member/james-comer/C001108,Kentucky,1,Republican,House: 2016-Present
"Representative Comstock, Barbara",https://www.congress.gov/member/barbara-comstock/C001105,Virginia,10,Republican,House: 2015-2019
"Representative Conaway, K. Michael",https://www.congress.gov/member/k-conaway/C001062,Texas,11,Republican,House: 2005-Present
"Representative Connolly, Gerald E.",https://www.congress.gov/member/gerald-connolly/C001078,Virginia,11,Democratic,House: 2009-Present
"Representative Conyers, John, Jr.",https://www.congress.gov/member/john-conyers/C000714,Michigan,13,Democratic,House: 1965-2017
"Representative Cook, Paul",https://www.congress.gov/member/paul-cook/C001094,California,8,Republican,House: 2013-Present
"Representative Cooper, Jim",https://www.congress.gov/member/james-cooper/C000754,Tennessee,5,Democratic,"House: 1983-1995, 2003-Present"
"Representative Costa, Jim",https://www.congress.gov/member/jim-costa/C001059,California,16,Democratic,House: 2005-Present
"Representative Costello, Ryan A.",https://www.congress.gov/member/ryan-costello/C001106,Pennsylvania,6,Republican,House: 2015-2019
"Representative Courtney, Joe",https://www.congress.gov/member/joe-courtney/C001069,Connecticut,2,Democratic,House: 2007-Present
"Senator Cramer, Kevin",https://www.congress.gov/member/kevin-cramer/C001096,North Dakota,,Republican,Senate: 2019-Present | House: 2013-2019
"Representative Crawford, Eric A. ""Rick""",https://www.congress.gov/member/eric-crawford/C001087,Arkansas,1,Republican,House: 2011-Present
"Representative Crenshaw, Ander",https://www.congress.gov/member/ander-crenshaw/C001045,Florida,4,Republican,House: 2001-2017
"Representative Crowley, Joseph",https://www.congress.gov/member/joseph-crowley/C001038,New York,14,Democratic,House: 1999-2019
"Representative Cuellar, Henry",https://www.congress.gov/member/henry-cuellar/C001063,Texas,28,Democratic,House: 2005-Present
"Representative Culberson, John Abney",https://www.congress.gov/member/john-culberson/C001048,Texas,7,Republican,House: 2001-2019
"Representative Cummings, Elijah E.",https://www.congress.gov/member/elijah-cummings/C000984,Maryland,7,Democratic,House: 1995-Present
"Representative Curbelo, Carlos",https://www.congress.gov/member/carlos-curbelo/C001107,Florida,26,Republican,House: 2015-2019
"Representative Davidson, Warren",https://www.congress.gov/member/warren-davidson/D000626,Ohio,8,Republican,House: 2016-Present
"Representative Davis, Danny K.",https://www.congress.gov/member/danny-davis/D000096,Illinois,7,Democratic,House: 1997-Present
"Representative Davis, Rodney",https://www.congress.gov/member/rodney-davis/D000619,Illinois,13,Republican,House: 2013-Present
"Representative Davis, Susan A.",https://www.congress.gov/member/susan-davis/D000598,California,53,Democratic,House: 2001-Present
"Representative DeFazio, Peter A.",https://www.congress.gov/member/peter-defazio/D000191,Oregon,4,Democratic,House: 1987-Present
"Representative DeGette, Diana",https://www.congress.gov/member/diana-degette/D000197,Colorado,1,Democratic,House: 1997-Present
"Representative Delaney, John K.",https://www.congress.gov/member/john-delaney/D000620,Maryland,6,Democratic,House: 2013-2019
"Representative DeLauro, Rosa L.",https://www.congress.gov/member/rosa-delauro/D000216,Connecticut,3,Democratic,House: 1991-Present
"Representative DelBene, Suzan K.",https://www.congress.gov/member/suzan-delbene/D000617,Washington,1,Democratic,House: 2012-Present
"Representative Denham, Jeff",https://www.congress.gov/member/jeff-denham/D000612,California,10,Republican,House: 2011-2019
"Representative Dent, Charles W.",https://www.congress.gov/member/charles-dent/D000604,Pennsylvania,15,Republican,House: 2005-2018
"Representative DeSantis, Ron",https://www.congress.gov/member/ron-desantis/D000621,Florida,6,Republican,House: 2013-2018
"Representative DeSaulnier, Mark",https://www.congress.gov/member/mark-desaulnier/D000623,California,11,Democratic,House: 2015-Present
"Representative DesJarlais, Scott",https://www.congress.gov/member/scott-desjarlais/D000616,Tennessee,4,Republican,House: 2011-Present
"Representative Deutch, Theodore E.",https://www.congress.gov/member/theodore-deutch/D000610,Florida,22,Democratic,House: 2010-Present
"Representative Diaz-Balart, Mario",https://www.congress.gov/member/mario-diaz-balart/D000600,Florida,25,Republican,House: 2003-Present
"Representative Dingell, Debbie",https://www.congress.gov/member/debbie-dingell/D000624,Michigan,12,Democratic,House: 2015-Present
"Representative Doggett, Lloyd",https://www.congress.gov/member/lloyd-doggett/D000399,Texas,35,Democratic,House: 1995-Present
"Representative Dold, Robert J.",https://www.congress.gov/member/robert-dold/D000613,Illinois,10,Republican,"House: 2011-2013, 2015-2017"
"Representative Donovan, Daniel M., Jr.",https://www.congress.gov/member/daniel-donovan/D000625,New York,11,Republican,House: 2015-2019
"Representative Doyle, Michael F.",https://www.congress.gov/member/mike-doyle/D000482,Pennsylvania,18,Democratic,House: 1995-Present
"Senator Duckworth, Tammy",https://www.congress.gov/member/tammy-duckworth/D000622,Illinois,,Democratic,Senate: 2017-Present | House: 2013-2017
"Representative Duffy, Sean P.",https://www.congress.gov/member/sean-duffy/D000614,Wisconsin,7,Republican,House: 2011-Present
"Representative Duncan, Jeff",https://www.congress.gov/member/jeff-duncan/D000615,South Carolina,3,Republican,House: 2011-Present
"Representative Duncan, John J., Jr.",https://www.congress.gov/member/john-duncan/D000533,Tennessee,2,Republican,House: 1987-2019
"Representative Edwards, Donna F.",https://www.congress.gov/member/donna-edwards/E000290,Maryland,4,Democratic,House: 2008-2017
"Representative Ellison, Keith",https://www.congress.gov/member/keith-ellison/E000288,Minnesota,5,Democratic,House: 2007-2019
"Representative Ellmers, Renee L.",https://www.congress.gov/member/renee-ellmers/E000291,North Carolina,2,Republican,House: 2011-2017
"Representative Emmer, Tom",https://www.congress.gov/member/tom-emmer/E000294,Minnesota,6,Republican,House: 2015-Present
"Representative Engel, Eliot L.",https://www.congress.gov/member/eliot-engel/E000179,New York,16,Democratic,House: 1989-Present
"Representative Eshoo, Anna G.",https://www.congress.gov/member/anna-eshoo/E000215,California,18,Democratic,House: 1993-Present
"Representative Esty, Elizabeth H.",https://www.congress.gov/member/elizabeth-esty/E000293,Connecticut,5,Democratic,House: 2013-2019
"Representative Evans, Dwight",https://www.congress.gov/member/dwight-evans/E000296,Pennsylvania,3,Democratic,House: 2016-Present
"Representative Farenthold, Blake",https://www.congress.gov/member/blake-farenthold/F000460,Texas,27,Republican,House: 2011-2018
"Representative Farr, Sam",https://www.congress.gov/member/sam-farr/F000030,California,20,Democratic,House: 1993-2017
"Representative Fattah, Chaka",https://www.congress.gov/member/chaka-fattah/F000043,Pennsylvania,2,Democratic,House: 1995-2016
"Representative Fincher, Stephen Lee",https://www.congress.gov/member/stephen-fincher/F000458,Tennessee,8,Republican,House: 2011-2017
"Representative Fitzpatrick, Michael G.",https://www.congress.gov/member/michael-fitzpatrick/F000451,Pennsylvania,8,Republican,"House: 2005-2007, 2011-2017"
"Representative Fleischmann, Charles J. ""Chuck""",https://www.congress.gov/member/charles-fleischmann/F000459,Tennessee,3,Republican,House: 2011-Present
"Representative Fleming, John",https://www.congress.gov/member/john-fleming/F000456,Louisiana,4,Republican,House: 2009-2017
"Representative Flores, Bill",https://www.congress.gov/member/bill-flores/F000461,Texas,17,Republican,House: 2011-Present
"Representative Forbes, J. Randy",https://www.congress.gov/member/j-forbes/F000445,Virginia,4,Republican,House: 2001-2017
"Representative Fortenberry, Jeff",https://www.congress.gov/member/jeff-fortenberry/F000449,Nebraska,1,Republican,House: 2005-Present
"Representative Foster, Bill",https://www.congress.gov/member/bill-foster/F000454,Illinois,11,Democratic,"House: 2008-2011, 2013-Present"
"Representative Foxx, Virginia",https://www.congress.gov/member/virginia-foxx/F000450,North Carolina,5,Republican,House: 2005-Present
"Representative Frankel, Lois",https://www.congress.gov/member/lois-frankel/F000462,Florida,21,Democratic,House: 2013-Present
"Representative Franks, Trent",https://www.congress.gov/member/trent-franks/F000448,Arizona,8,Republican,House: 2003-2017
"Representative Frelinghuysen, Rodney P.",https://www.congress.gov/member/rodney-frelinghuysen/F000372,New Jersey,11,Republican,House: 1995-2019
"Representative Fudge, Marcia L.",https://www.congress.gov/member/marcia-fudge/F000455,Ohio,11,Democratic,House: 2008-Present
"Representative Gabbard, Tulsi",https://www.congress.gov/member/tulsi-gabbard/G000571,Hawaii,2,Democratic,House: 2013-Present
"Representative Gallego, Ruben",https://www.congress.gov/member/ruben-gallego/G000574,Arizona,7,Democratic,House: 2015-Present
"Representative Garamendi, John",https://www.congress.gov/member/john-garamendi/G000559,California,3,Democratic,House: 2009-Present
"Representative Garrett, Scott",https://www.congress.gov/member/scott-garrett/G000548,New Jersey,5,Republican,House: 2003-2017
"Representative Gibbs, Bob",https://www.congress.gov/member/bob-gibbs/G000563,Ohio,7,Republican,House: 2011-Present
"Representative Gibson, Christopher P.",https://www.congress.gov/member/christopher-gibson/G000564,New York,19,Republican,House: 2011-2017
"Representative Gohmert, Louie",https://www.congress.gov/member/louie-gohmert/G000552,Texas,1,Republican,House: 2005-Present
"Representative Goodlatte, Bob",https://www.congress.gov/member/robert-goodlatte/G000289,Virginia,6,Republican,House: 1993-2019
"Representative Gosar, Paul A.",https://www.congress.gov/member/paul-gosar/G000565,Arizona,4,Republican,House: 2011-Present
"Representative Gowdy, Trey",https://www.congress.gov/member/trey-gowdy/G000566,South Carolina,4,Republican,House: 2011-2019
"Representative Graham, Gwen",https://www.congress.gov/member/gwen-graham/G000575,Florida,2,Democratic,House: 2015-2017
"Representative Granger, Kay",https://www.congress.gov/member/kay-granger/G000377,Texas,12,Republican,House: 1997-Present
"Representative Graves, Garret",https://www.congress.gov/member/garret-graves/G000577,Louisiana,6,Republican,House: 2015-Present
"Representative Graves, Sam",https://www.congress.gov/member/sam-graves/G000546,Missouri,6,Republican,House: 2001-Present
"Representative Graves, Tom",https://www.congress.gov/member/tom-graves/G000560,Georgia,14,Republican,House: 2010-Present
"Representative Grayson, Alan",https://www.congress.gov/member/alan-grayson/G000556,Florida,9,Democratic,"House: 2009-2011, 2013-2017"
"Representative Green, Al",https://www.congress.gov/member/al-green/G000553,Texas,9,Democratic,House: 2005-Present
"Representative Green, Gene",https://www.congress.gov/member/gene-green/G000410,Texas,29,Democratic,House: 1993-2019
"Representative Griffith, H. Morgan",https://www.congress.gov/member/h-griffith/G000568,Virginia,9,Republican,House: 2011-Present
"Representative Grijalva, Raul M.",https://www.congress.gov/member/raul-grijalva/G000551,Arizona,3,Democratic,House: 2003-Present
"Representative Grothman, Glenn",https://www.congress.gov/member/glenn-grothman/G000576,Wisconsin,6,Republican,House: 2015-Present
"Representative Guinta, Frank C.",https://www.congress.gov/member/frank-guinta/G000570,New Hampshire,1,Republican,"House: 2011-2013, 2015-2017"
"Representative Guthrie, Brett",https://www.congress.gov/member/brett-guthrie/G000558,Kentucky,2,Republican,House: 2009-Present
"Representative Gutierrez, Luis V.",https://www.congress.gov/member/luis-gutierrez/G000535,Illinois,4,Democratic,House: 1993-2019
"Representative Hahn, Janice",https://www.congress.gov/member/janice-hahn/H001063,California,44,Democratic,House: 2011-2017
"Representative Hanabusa, Colleen",https://www.congress.gov/member/colleen-hanabusa/H001050,Hawaii,1,Democratic,House: 2011-2019
"Representative Hanna, Richard L.",https://www.congress.gov/member/richard-hanna/H001051,New York,22,Republican,House: 2011-2017
"Representative Hardy, Cresent",https://www.congress.gov/member/cresent-hardy/H001070,Nevada,4,Republican,House: 2015-2017
"Representative Harper, Gregg",https://www.congress.gov/member/gregg-harper/H001045,Mississippi,3,Republican,House: 2009-2019
"Representative Harris, Andy",https://www.congress.gov/member/andy-harris/H001052,Maryland,1,Republican,House: 2011-Present
"Representative Hartzler, Vicky",https://www.congress.gov/member/vicky-hartzler/H001053,Missouri,4,Republican,House: 2011-Present
"Representative Hastings, Alcee L.",https://www.congress.gov/member/alcee-hastings/H000324,Florida,20,Democratic,House: 1993-Present
"Representative Heck, Denny",https://www.congress.gov/member/denny-heck/H001064,Washington,10,Democratic,House: 2013-Present
"Representative Heck, Joseph J.",https://www.congress.gov/member/joseph-heck/H001055,Nevada,3,Republican,House: 2011-2017
"Representative Hensarling, Jeb",https://www.congress.gov/member/jeb-hensarling/H001036,Texas,5,Republican,House: 2003-2019
"Representative Herrera Beutler, Jaime",https://www.congress.gov/member/jaime-herrera-beutler/H001056,Washington,3,Republican,House: 2011-Present
"Representative Hice, Jody B.",https://www.congress.gov/member/jody-hice/H001071,Georgia,10,Republican,House: 2015-Present
"Representative Higgins, Brian",https://www.congress.gov/member/brian-higgins/H001038,New York,26,Democratic,House: 2005-Present
"Representative Hill, J. French",https://www.congress.gov/member/j-hill/H001072,Arkansas,2,Republican,House: 2015-Present
"Representative Himes, James A.",https://www.congress.gov/member/james-himes/H001047,Connecticut,4,Democratic,House: 2009-Present
"Representative Hinojosa, Ruben",https://www.congress.gov/member/ruben-hinojosa/H000636,Texas,15,Democratic,House: 1997-2017
"Representative Holding, George",https://www.congress.gov/member/george-holding/H001065,North Carolina,2,Republican,House: 2013-Present
"Representative Honda, Michael M.",https://www.congress.gov/member/michael-honda/H001034,California,17,Democratic,House: 2001-2017
"Representative Hoyer, Steny H.",https://www.congress.gov/member/steny-hoyer/H000874,Maryland,5,Democratic,House: 1981-Present
"Representative Hudson, Richard",https://www.congress.gov/member/richard-hudson/H001067,North Carolina,8,Republican,House: 2013-Present
"Representative Huelskamp, Tim",https://www.congress.gov/member/tim-huelskamp/H001057,Kansas,1,Republican,House: 2011-2017
"Representative Huffman, Jared",https://www.congress.gov/member/jared-huffman/H001068,California,2,Democratic,House: 2013-Present
"Representative Huizenga, Bill",https://www.congress.gov/member/bill-huizenga/H001058,Michigan,2,Republican,House: 2011-Present
"Representative Hultgren, Randy",https://www.congress.gov/member/randy-hultgren/H001059,Illinois,14,Republican,House: 2011-2019
"Representative Hunter, Duncan D.",https://www.congress.gov/member/duncan-hunter/H001048,California,50,Republican,House: 2009-Present
"Representative Hurd, Will",https://www.congress.gov/member/will-hurd/H001073,Texas,23,Republican,House: 2015-Present
"Representative Hurt, Robert",https://www.congress.gov/member/robert-hurt/H001060,Virginia,5,Republican,House: 2011-2017
"Representative Israel, Steve",https://www.congress.gov/member/steve-israel/I000057,New York,3,Democratic,House: 2001-2017
"Representative Issa, Darrell E.",https://www.congress.gov/member/darrell-issa/I000056,California,49,Republican,House: 2001-2019
"Representative Jackson Lee, Sheila",https://www.congress.gov/member/sheila-jackson-lee/J000032,Texas,18,Democratic,House: 1995-Present
"Representative Jeffries, Hakeem S.",https://www.congress.gov/member/hakeem-jeffries/J000294,New York,8,Democratic,House: 2013-Present
"Representative Jenkins, Evan H.",https://www.congress.gov/member/evan-jenkins/J000297,West Virginia,3,Republican,House: 2015-2018
"Representative Jenkins, Lynn",https://www.congress.gov/member/lynn-jenkins/J000290,Kansas,2,Republican,House: 2009-2019
"Representative Johnson, Bill",https://www.congress.gov/member/bill-johnson/J000292,Ohio,6,Republican,House: 2011-Present
"Representative Johnson, Eddie Bernice",https://www.congress.gov/member/eddie-johnson/J000126,Texas,30,Democratic,House: 1993-Present
"Representative Johnson, Henry C. ""Hank,"" Jr.",https://www.congress.gov/member/henry-johnson/J000288,Georgia,4,Democratic,House: 2007-Present
"Representative Johnson, Sam",https://www.congress.gov/member/sam-johnson/J000174,Texas,3,Republican,House: 1991-2019
"Representative Jolly, David W.",https://www.congress.gov/member/david-jolly/J000296,Florida,13,Republican,House: 2014-2017
"Representative Jones, Walter B., Jr.",https://www.congress.gov/member/walter-jones/J000255,North Carolina,3,Republican,House: 1995-Present
"Representative Jordan, Jim",https://www.congress.gov/member/jim-jordan/J000289,Ohio,4,Republican,House: 2007-Present
"Representative Joyce, David P.",https://www.congress.gov/member/david-joyce/J000295,Ohio,14,Republican,House: 2013-Present
"Representative Kaptur, Marcy",https://www.congress.gov/member/marcy-kaptur/K000009,Ohio,9,Democratic,House: 1983-Present
"Representative Katko, John",https://www.congress.gov/member/john-katko/K000386,New York,24,Republican,House: 2015-Present
"Representative Keating, William R.",https://www.congress.gov/member/william-keating/K000375,Massachusetts,9,Democratic,House: 2011-Present
"Representative Kelly, Mike",https://www.congress.gov/member/mike-kelly/K000376,Pennsylvania,16,Republican,House: 2011-Present
"Representative Kelly, Robin L.",https://www.congress.gov/member/robin-kelly/K000385,Illinois,2,Democratic,House: 2013-Present
"Representative Kelly, Trent",https://www.congress.gov/member/trent-kelly/K000388,Mississippi,1,Republican,House: 2015-Present
"Representative Kennedy, Joseph P., III",https://www.congress.gov/member/joseph-kennedy/K000379,Massachusetts,4,Democratic,House: 2013-Present
"Representative Kildee, Daniel T.",https://www.congress.gov/member/daniel-kildee/K000380,Michigan,5,Democratic,House: 2013-Present
"Representative Kilmer, Derek",https://www.congress.gov/member/derek-kilmer/K000381,Washington,6,Democratic,House: 2013-Present
"Representative Kind, Ron",https://www.congress.gov/member/ron-kind/K000188,Wisconsin,3,Democratic,House: 1997-Present
"Representative King, Peter T.",https://www.congress.gov/member/peter-king/K000210,New York,2,Republican,House: 1993-Present
"Representative King, Steve",https://www.congress.gov/member/steve-king/K000362,Iowa,4,Republican,House: 2003-Present
"Representative Kinzinger, Adam",https://www.congress.gov/member/adam-kinzinger/K000378,Illinois,16,Republican,House: 2011-Present
"Representative Kirkpatrick, Ann",https://www.congress.gov/member/ann-kirkpatrick/K000368,Arizona,2,Democratic,"House: 2009-2011, 2013-2017, 2019-Present"
"Representative Kline, John",https://www.congress.gov/member/john-kline/K000363,Minnesota,2,Republican,House: 2003-2017
"Representative Knight, Stephen",https://www.congress.gov/member/stephen-knight/K000387,California,25,Republican,House: 2015-2019
"Representative Kuster, Ann M.",https://www.congress.gov/member/ann-kuster/K000382,New Hampshire,2,Democratic,House: 2013-Present
"Representative Labrador, Raul R.",https://www.congress.gov/member/raul-labrador/L000573,Idaho,1,Republican,House: 2011-2019
"Representative LaHood, Darin",https://www.congress.gov/member/darin-lahood/L000585,Illinois,18,Republican,House: 2015-Present
"Representative LaMalfa, Doug",https://www.congress.gov/member/doug-lamalfa/L000578,California,1,Republican,House: 2013-Present
"Representative Lamborn, Doug",https://www.congress.gov/member/doug-lamborn/L000564,Colorado,5,Republican,House: 2007-Present
"Representative Lance, Leonard",https://www.congress.gov/member/leonard-lance/L000567,New Jersey,7,Republican,House: 2009-2019
"Representative Langevin, James R.",https://www.congress.gov/member/james-langevin/L000559,Rhode Island,2,Democratic,House: 2001-Present
"Representative Larsen, Rick",https://www.congress.gov/member/rick-larsen/L000560,Washington,2,Democratic,House: 2001-Present
"Representative Larson, John B.",https://www.congress.gov/member/john-larson/L000557,Connecticut,1,Democratic,House: 1999-Present
"Representative Latta, Robert E.",https://www.congress.gov/member/robert-latta/L000566,Ohio,5,Republican,House: 2007-Present
"Representative Lawrence, Brenda L.",https://www.congress.gov/member/brenda-lawrence/L000581,Michigan,14,Democratic,House: 2015-Present
"Representative Lee, Barbara",https://www.congress.gov/member/barbara-lee/L000551,California,13,Democratic,House: 1997-Present
"Representative Levin, Sander M.",https://www.congress.gov/member/sander-levin/L000263,Michigan,9,Democratic,House: 1983-2019
"Representative Lewis, John",https://www.congress.gov/member/john-lewis/L000287,Georgia,5,Democratic,House: 1987-Present
"Representative Lieu, Ted",https://www.congress.gov/member/ted-lieu/L000582,California,33,Democratic,House: 2015-Present
"Representative Lipinski, Daniel",https://www.congress.gov/member/daniel-lipinski/L000563,Illinois,3,Democratic,House: 2005-Present
"Representative LoBiondo, Frank A.",https://www.congress.gov/member/frank-lobiondo/L000554,New Jersey,2,Republican,House: 1995-2019
"Representative Loebsack, David",https://www.congress.gov/member/david-loebsack/L000565,Iowa,2,Democratic,House: 2007-Present
"Representative Lofgren, Zoe",https://www.congress.gov/member/zoe-lofgren/L000397,California,19,Democratic,House: 1995-Present
"Representative Long, Billy",https://www.congress.gov/member/billy-long/L000576,Missouri,7,Republican,House: 2011-Present
"Representative Loudermilk, Barry",https://www.congress.gov/member/barry-loudermilk/L000583,Georgia,11,Republican,House: 2015-Present
"Representative Love, Mia B.",https://www.congress.gov/member/mia-love/L000584,Utah,4,Republican,House: 2015-2019
"Representative Lowenthal, Alan S.",https://www.congress.gov/member/alan-lowenthal/L000579,California,47,Democratic,House: 2013-Present
"Representative Lowey, Nita M.",https://www.congress.gov/member/nita-lowey/L000480,New York,17,Democratic,House: 1989-Present
"Representative Lucas, Frank D.",https://www.congress.gov/member/frank-lucas/L000491,Oklahoma,3,Republican,House: 1993-Present
"Representative Luetkemeyer, Blaine",https://www.congress.gov/member/blaine-luetkemeyer/L000569,Missouri,3,Republican,House: 2009-Present
"Representative Lujan Grisham, Michelle",https://www.congress.gov/member/michelle-lujan-grisham/L000580,New Mexico,1,Democratic,House: 2013-2019
"Representative Lujan, Ben Ray",https://www.congress.gov/member/ben-lujan/L000570,New Mexico,3,Democratic,House: 2009-Present
"Representative Lummis, Cynthia M.",https://www.congress.gov/member/cynthia-lummis/L000571,Wyoming,,Republican,House: 2009-2017
"Representative Lynch, Stephen F.",https://www.congress.gov/member/stephen-lynch/L000562,Massachusetts,8,Democratic,House: 2001-Present
"Representative MacArthur, Thomas",https://www.congress.gov/member/thomas-macarthur/M001193,New Jersey,3,Republican,House: 2015-2019
"Representative Maloney, Carolyn B.",https://www.congress.gov/member/carolyn-maloney/M000087,New York,12,Democratic,House: 1993-Present
"Representative Maloney, Sean Patrick",https://www.congress.gov/member/sean-maloney/M001185,New York,18,Democratic,House: 2013-Present
"Representative Marchant, Kenny",https://www.congress.gov/member/kenny-marchant/M001158,Texas,24,Republican,House: 2005-Present
"Representative Marino, Tom",https://www.congress.gov/member/tom-marino/M001179,Pennsylvania,12,Republican,House: 2011-2019
"Representative Massie, Thomas",https://www.congress.gov/member/thomas-massie/M001184,Kentucky,4,Republican,House: 2012-Present
"Representative Matsui, Doris O.",https://www.congress.gov/member/doris-matsui/M001163,California,6,Democratic,House: 2005-Present
"Representative McCarthy, Kevin",https://www.congress.gov/member/kevin-mccarthy/M001165,California,23,Republican,House: 2007-Present
"Representative McCaul, Michael T.",https://www.congress.gov/member/michael-mccaul/M001157,Texas,10,Republican,House: 2005-Present
"Representative McClintock, Tom",https://www.congress.gov/member/tom-mcclintock/M001177,California,4,Republican,House: 2009-Present
"Representative McCollum, Betty",https://www.congress.gov/member/betty-mccollum/M001143,Minnesota,4,Democratic,House: 2001-Present
"Representative McDermott, Jim",https://www.congress.gov/member/jim-mcdermott/M000404,Washington,7,Democratic,House: 1989-2017
"Representative McGovern, James P.",https://www.congress.gov/member/james-mcgovern/M000312,Massachusetts,2,Democratic,House: 1997-Present
"Representative McHenry, Patrick T.",https://www.congress.gov/member/patrick-mchenry/M001156,North Carolina,10,Republican,House: 2005-Present
"Representative McKinley, David B.",https://www.congress.gov/member/david-mckinley/M001180,West Virginia,1,Republican,House: 2011-Present
"Representative McNerney, Jerry",https://www.congress.gov/member/jerry-mcnerney/M001166,California,9,Democratic,House: 2007-Present
"Senator McSally, Martha",https://www.congress.gov/member/martha-mcsally/M001197,Arizona,,Republican,Senate: 2019-Present | House: 2015-2019
"Representative Meadows, Mark",https://www.congress.gov/member/mark-meadows/M001187,North Carolina,11,Republican,House: 2013-Present
"Representative Meehan, Patrick",https://www.congress.gov/member/patrick-meehan/M001181,Pennsylvania,7,Republican,House: 2011-2018
"Representative Meeks, Gregory W.",https://www.congress.gov/member/gregory-meeks/M001137,New York,5,Democratic,House: 1997-Present
"Representative Meng, Grace",https://www.congress.gov/member/grace-meng/M001188,New York,6,Democratic,House: 2013-Present
"Representative Messer, Luke",https://www.congress.gov/member/luke-messer/M001189,Indiana,6,Republican,House: 2013-2019
"Representative Mica, John L.",https://www.congress.gov/member/john-mica/M000689,Florida,7,Republican,House: 1993-2017
"Representative Miller, Candice S.",https://www.congress.gov/member/candice-miller/M001150,Michigan,10,Republican,House: 2003-2017
"Representative Miller, Jeff",https://www.congress.gov/member/jeff-miller/M001144,Florida,1,Republican,House: 2001-2017
"Representative Moolenaar, John R.",https://www.congress.gov/member/john-moolenaar/M001194,Michigan,4,Republican,House: 2015-Present
"Representative Mooney, Alexander X.",https://www.congress.gov/member/alexander-mooney/M001195,West Virginia,2,Republican,House: 2015-Present
"Representative Moore, Gwen",https://www.congress.gov/member/gwen-moore/M001160,Wisconsin,4,Democratic,House: 2005-Present
"Representative Moulton, Seth",https://www.congress.gov/member/seth-moulton/M001196,Massachusetts,6,Democratic,House: 2015-Present
"Representative Mullin, Markwayne",https://www.congress.gov/member/markwayne-mullin/M001190,Oklahoma,2,Republican,House: 2013-Present
"Representative Mulvaney, Mick",https://www.congress.gov/member/mick-mulvaney/M001182,South Carolina,5,Republican,House: 2011-2017
"Representative Murphy, Patrick",https://www.congress.gov/member/patrick-murphy/M001191,Florida,18,Democratic,House: 2013-2017
"Representative Murphy, Tim",https://www.congress.gov/member/tim-murphy/M001151,Pennsylvania,18,Republican,House: 2003-2017
"Representative Nadler, Jerrold",https://www.congress.gov/member/jerrold-nadler/N000002,New York,10,Democratic,House: 1991-Present
"Representative Napolitano, Grace F.",https://www.congress.gov/member/grace-napolitano/N000179,California,32,Democratic,House: 1999-Present
"Representative Neal, Richard E.",https://www.congress.gov/member/richard-neal/N000015,Massachusetts,1,Democratic,House: 1989-Present
"Representative Neugebauer, Randy",https://www.congress.gov/member/randy-neugebauer/N000182,Texas,19,Republican,House: 2003-2017
"Representative Newhouse, Dan",https://www.congress.gov/member/dan-newhouse/N000189,Washington,4,Republican,House: 2015-Present
"Representative Noem, Kristi L.",https://www.congress.gov/member/kristi-noem/N000184,South Dakota,,Republican,House: 2011-2019
"Representative Nolan, Richard M.",https://www.congress.gov/member/richard-nolan/N000127,Minnesota,8,Democratic,"House: 1975-1981, 2013-2019"
"Representative Norcross, Donald",https://www.congress.gov/member/donald-norcross/N000188,New Jersey,1,Democratic,House: 2014-Present
"Representative Norton, Eleanor Holmes",https://www.congress.gov/member/eleanor-norton/N000147,District of Columbia,,Democratic,House: 1991-Present
"Representative Nugent, Richard B.",https://www.congress.gov/member/richard-nugent/N000185,Florida,11,Republican,House: 2011-2017
"Representative Nunes, Devin",https://www.congress.gov/member/devin-nunes/N000181,California,22,Republican,House: 2003-Present
"Representative Nunnelee, Alan",https://www.congress.gov/member/alan-nunnelee/N000186,Mississippi,1,Republican,House: 2011-2015
"Representative O'Rourke, Beto",https://www.congress.gov/member/beto-o-rourke/O000170,Texas,16,Democratic,House: 2013-2019
"Representative Olson, Pete",https://www.congress.gov/member/pete-olson/O000168,Texas,22,Republican,House: 2009-Present
"Representative Palazzo, Steven M.",https://www.congress.gov/member/steven-palazzo/P000601,Mississippi,4,Republican,House: 2011-Present
"Representative Pallone, Frank, Jr.",https://www.congress.gov/member/frank-pallone/P000034,New Jersey,6,Democratic,House: 1987-Present
"Representative Palmer, Gary J.",https://www.congress.gov/member/gary-palmer/P000609,Alabama,6,Republican,House: 2015-Present
"Representative Pascrell, Bill, Jr.",https://www.congress.gov/member/william-pascrell/P000096,New Jersey,9,Democratic,House: 1997-Present
"Representative Paulsen, Erik",https://www.congress.gov/member/erik-paulsen/P000594,Minnesota,3,Republican,House: 2009-2019
"Representative Payne, Donald M., Jr.",https://www.congress.gov/member/donald-payne/P000604,New Jersey,10,Democratic,House: 2012-Present
"Representative Pearce, Stevan",https://www.congress.gov/member/stevan-pearce/P000588,New Mexico,2,Republican,"House: 2003-2009, 2011-2019"
"Representative Pelosi, Nancy",https://www.congress.gov/member/nancy-pelosi/P000197,California,12,Democratic,House: 1987-Present
"Representative Perlmutter, Ed",https://www.congress.gov/member/ed-perlmutter/P000593,Colorado,7,Democratic,House: 2007-Present
"Representative Perry, Scott",https://www.congress.gov/member/scott-perry/P000605,Pennsylvania,10,Republican,House: 2013-Present
"Representative Peters, Scott H.",https://www.congress.gov/member/scott-peters/P000608,California,52,Democratic,House: 2013-Present
"Representative Peterson, Collin C.",https://www.congress.gov/member/collin-peterson/P000258,Minnesota,7,Democratic,House: 1991-Present
"Representative Pierluisi, Pedro R.",https://www.congress.gov/member/pedro-pierluisi/P000596,Puerto Rico,,Democratic,House: 2009-2017
"Representative Pingree, Chellie",https://www.congress.gov/member/chellie-pingree/P000597,Maine,1,Democratic,House: 2009-Present
"Representative Pittenger, Robert",https://www.congress.gov/member/robert-pittenger/P000606,North Carolina,9,Republican,House: 2013-2019
"Representative Pitts, Joseph R.",https://www.congress.gov/member/joseph-pitts/P000373,Pennsylvania,16,Republican,House: 1997-2017
"Representative Plaskett, Stacey E.",https://www.congress.gov/member/stacey-plaskett/P000610,Virgin Islands,,Democratic,House: 2015-Present
"Representative Pocan, Mark",https://www.congress.gov/member/mark-pocan/P000607,Wisconsin,2,Democratic,House: 2013-Present
"Representative Poe, Ted",https://www.congress.gov/member/ted-poe/P000592,Texas,2,Republican,House: 2005-2019
"Representative Poliquin, Bruce",https://www.congress.gov/member/bruce-poliquin/P000611,Maine,2,Republican,House: 2015-2019
"Representative Polis, Jared",https://www.congress.gov/member/jared-polis/P000598,Colorado,2,Democratic,House: 2009-2019
"Representative Pompeo, Mike",https://www.congress.gov/member/mike-pompeo/P000602,Kansas,4,Republican,House: 2011-2017
"Representative Posey, Bill",https://www.congress.gov/member/bill-posey/P000599,Florida,8,Republican,House: 2009-Present
"Representative Price, David E.",https://www.congress.gov/member/david-price/P000523,North Carolina,4,Democratic,"House: 1987-1995, 1997-Present"
"Representative Price, Tom",https://www.congress.gov/member/tom-price/P000591,Georgia,6,Republican,House: 2005-2017
"Representative Quigley, Mike",https://www.congress.gov/member/mike-quigley/Q000023,Illinois,5,Democratic,House: 2009-Present
"Representative Radewagen, Aumua Amata Coleman",https://www.congress.gov/member/aumua-amata-radewagen/R000600,American Samoa,,Republican,House: 2015-Present
"Representative Rangel, Charles B.",https://www.congress.gov/member/charles-rangel/R000053,New York,13,Democratic,House: 1971-2017
"Representative Ratcliffe, John",https://www.congress.gov/member/john-ratcliffe/R000601,Texas,4,Republican,House: 2015-Present
"Representative Reed, Tom",https://www.congress.gov/member/tom-reed/R000585,New York,23,Republican,House: 2010-Present
"Representative Reichert, David G.",https://www.congress.gov/member/david-reichert/R000578,Washington,8,Republican,House: 2005-2019
"Representative Renacci, James B.",https://www.congress.gov/member/james-renacci/R000586,Ohio,16,Republican,House: 2011-2019
"Representative Ribble, Reid J.",https://www.congress.gov/member/reid-ribble/R000587,Wisconsin,8,Republican,House: 2011-2017
"Representative Rice, Kathleen M.",https://www.congress.gov/member/kathleen-rice/R000602,New York,4,Democratic,House: 2015-Present
"Representative Rice, Tom",https://www.congress.gov/member/tom-rice/R000597,South Carolina,7,Republican,House: 2013-Present
"Representative Richmond, Cedric L.",https://www.congress.gov/member/cedric-richmond/R000588,Louisiana,2,Democratic,House: 2011-Present
"Representative Rigell, E. Scott",https://www.congress.gov/member/e-rigell/R000589,Virginia,2,Republican,House: 2011-2017
"Representative Roby, Martha",https://www.congress.gov/member/martha-roby/R000591,Alabama,2,Republican,House: 2011-Present
"Representative Rodgers, Cathy McMorris",https://www.congress.gov/member/cathy-rodgers/M001159,Washington,5,Republican,House: 2005-Present
"Representative Roe, David P.",https://www.congress.gov/member/david-roe/R000582,Tennessee,1,Republican,House: 2009-Present
"Representative Rogers, Harold",https://www.congress.gov/member/harold-rogers/R000395,Kentucky,5,Republican,House: 1981-Present
"Representative Rogers, Mike D.",https://www.congress.gov/member/mike-rogers/R000575,Alabama,3,Republican,House: 2003-Present
"Representative Rohrabacher, Dana",https://www.congress.gov/member/dana-rohrabacher/R000409,California,48,Republican,House: 1989-2019
"Representative Rokita, Todd",https://www.congress.gov/member/todd-rokita/R000592,Indiana,4,Republican,House: 2011-2019
"Representative Rooney, Thomas J.",https://www.congress.gov/member/thomas-rooney/R000583,Florida,17,Republican,House: 2009-2019
"Representative Ros-Lehtinen, Ileana",https://www.congress.gov/member/ileana-ros-lehtinen/R000435,Florida,27,Republican,House: 1989-2019
"Representative Roskam, Peter J.",https://www.congress.gov/member/peter-roskam/R000580,Illinois,6,Republican,House: 2007-2019
"Representative Ross, Dennis A.",https://www.congress.gov/member/dennis-ross/R000593,Florida,15,Republican,House: 2011-2019
"Representative Rothfus, Keith J.",https://www.congress.gov/member/keith-rothfus/R000598,Pennsylvania,12,Republican,House: 2013-2019
"Representative Rouzer, David",https://www.congress.gov/member/david-rouzer/R000603,North Carolina,7,Republican,House: 2015-Present
"Representative Roybal-Allard, Lucille",https://www.congress.gov/member/lucille-roybal-allard/R000486,California,40,Democratic,House: 1993-Present
"Representative Royce, Edward R.",https://www.congress.gov/member/ed-royce/R000487,California,39,Republican,House: 1993-2019
"Representative Ruiz, Raul",https://www.congress.gov/member/raul-ruiz/R000599,California,36,Democratic,House: 2013-Present
"Representative Ruppersberger, C. A. Dutch",https://www.congress.gov/member/c-a-ruppersberger/R000576,Maryland,2,Democratic,House: 2003-Present
"Representative Rush, Bobby L.",https://www.congress.gov/member/bobby-rush/R000515,Illinois,1,Democratic,House: 1993-Present
"Representative Russell, Steve",https://www.congress.gov/member/steve-russell/R000604,Oklahoma,5,Republican,House: 2015-2019
"Representative Ryan, Paul D.",https://www.congress.gov/member/paul-ryan/R000570,Wisconsin,1,Republican,House: 1999-2019
"Representative Ryan, Tim",https://www.congress.gov/member/tim-ryan/R000577,Ohio,13,Democratic,House: 2003-Present
"Representative Sablan, Gregorio Kilili Camacho",https://www.congress.gov/member/gregorio-sablan/S001177,Northern Mariana Islands,,Democratic,House: 2009-Present
"Representative Salmon, Matt",https://www.congress.gov/member/matt-salmon/S000018,Arizona,5,Republican,"House: 1995-2001, 2013-2017"
"Representative Sanchez, Linda T.",https://www.congress.gov/member/linda-sanchez/S001156,California,38,Democratic,House: 2003-Present
"Representative Sanchez, Loretta",https://www.congress.gov/member/loretta-sanchez/S000030,California,46,Democratic,House: 1997-2017
"Representative Sanford, Mark",https://www.congress.gov/member/mark-sanford/S000051,South Carolina,1,Republican,"House: 1995-2001, 2013-2019"
"Representative Sarbanes, John P.",https://www.congress.gov/member/john-sarbanes/S001168,Maryland,3,Democratic,House: 2007-Present
"Representative Scalise, Steve",https://www.congress.gov/member/steve-scalise/S001176,Louisiana,1,Republican,House: 2008-Present
"Representative Schakowsky, Janice D.",https://www.congress.gov/member/janice-schakowsky/S001145,Illinois,9,Democratic,House: 1999-Present
"Representative Schiff, Adam B.",https://www.congress.gov/member/adam-schiff/S001150,California,28,Democratic,House: 2001-Present
"Representative Schock, Aaron",https://www.congress.gov/member/aaron-schock/S001179,Illinois,18,Republican,House: 2009-2015
"Representative Schrader, Kurt",https://www.congress.gov/member/kurt-schrader/S001180,Oregon,5,Democratic,House: 2009-Present
"Representative Schweikert, David",https://www.congress.gov/member/david-schweikert/S001183,Arizona,6,Republican,House: 2011-Present
"Representative Scott, Austin",https://www.congress.gov/member/austin-scott/S001189,Georgia,8,Republican,House: 2011-Present
"Representative Scott, David",https://www.congress.gov/member/david-scott/S001157,Georgia,13,Democratic,House: 2003-Present
"Representative Scott, Robert C. ""Bobby""",https://www.congress.gov/member/robert-scott/S000185,Virginia,3,Democratic,House: 1993-Present
"Representative Sensenbrenner, F. James, Jr.",https://www.congress.gov/member/f-sensenbrenner/S000244,Wisconsin,5,Republican,House: 1979-Present
"Representative Serrano, Jose E.",https://www.congress.gov/member/jose-serrano/S000248,New York,15,Democratic,House: 1989-Present
"Representative Sessions, Pete",https://www.congress.gov/member/pete-sessions/S000250,Texas,32,Republican,House: 1997-2019
"Representative Sewell, Terri A.",https://www.congress.gov/member/terri-sewell/S001185,Alabama,7,Democratic,House: 2011-Present
"Representative Sherman, Brad",https://www.congress.gov/member/brad-sherman/S000344,California,30,Democratic,House: 1997-Present
"Representative Shimkus, John",https://www.congress.gov/member/john-shimkus/S000364,Illinois,15,Republican,House: 1997-Present
"Representative Shuster, Bill",https://www.congress.gov/member/bill-shuster/S001154,Pennsylvania,9,Republican,House: 2001-2019
"Representative Simpson, Michael K.",https://www.congress.gov/member/michael-simpson/S001148,Idaho,2,Republican,House: 1999-Present
"Senator Sinema, Kyrsten",https://www.congress.gov/member/kyrsten-sinema/S001191,Arizona,,Democratic,Senate: 2019-Present | House: 2013-2019
"Representative Sires, Albio",https://www.congress.gov/member/albio-sires/S001165,New Jersey,8,Democratic,House: 2005-Present
"Representative Slaughter, Louise McIntosh",https://www.congress.gov/member/louise-slaughter/S000480,New York,25,Democratic,House: 1987-2018
"Representative Smith, Adam",https://www.congress.gov/member/adam-smith/S000510,Washington,9,Democratic,House: 1997-Present
"Representative Smith, Adrian",https://www.congress.gov/member/adrian-smith/S001172,Nebraska,3,Republican,House: 2007-Present
"Representative Smith, Christopher H.",https://www.congress.gov/member/christopher-smith/S000522,New Jersey,4,Republican,House: 1981-Present
"Representative Smith, Jason",https://www.congress.gov/member/jason-smith/S001195,Missouri,8,Republican,House: 2013-Present
"Representative Smith, Lamar",https://www.congress.gov/member/lamar-smith/S000583,Texas,21,Republican,House: 1987-2019
"Representative Speier, Jackie",https://www.congress.gov/member/jackie-speier/S001175,California,14,Democratic,House: 2008-Present
"Representative Stefanik, Elise M.",https://www.congress.gov/member/elise-stefanik/S001196,New York,21,Republican,House: 2015-Present
"Representative Stewart, Chris",https://www.congress.gov/member/chris-stewart/S001192,Utah,2,Republican,House: 2013-Present
"Representative Stivers, Steve",https://www.congress.gov/member/steve-stivers/S001187,Ohio,15,Republican,House: 2011-Present
"Representative Stutzman, Marlin A.",https://www.congress.gov/member/marlin-stutzman/S001188,Indiana,3,Republican,House: 2010-2017
"Representative Swalwell, Eric",https://www.congress.gov/member/eric-swalwell/S001193,California,15,Democratic,House: 2013-Present
"Representative Takai, Mark",https://www.congress.gov/member/mark-takai/T000473,Hawaii,1,Democratic,House: 2015-2016
"Representative Takano, Mark",https://www.congress.gov/member/mark-takano/T000472,California,41,Democratic,House: 2013-Present
"Representative Thompson, Bennie G.",https://www.congress.gov/member/bennie-thompson/T000193,Mississippi,2,Democratic,House: 1993-Present
"Representative Thompson, Glenn",https://www.congress.gov/member/glenn-thompson/T000467,Pennsylvania,15,Republican,House: 2009-Present
"Representative Thompson, Mike",https://www.congress.gov/member/mike-thompson/T000460,California,5,Democratic,House: 1999-Present
"Representative Thornberry, Mac",https://www.congress.gov/member/william-thornberry/T000238,Texas,13,Republican,House: 1995-Present
"Representative Tiberi, Patrick J.",https://www.congress.gov/member/patrick-tiberi/T000462,Ohio,12,Republican,House: 2001-2018
"Representative Tipton, Scott  R.",https://www.congress.gov/member/scott-tipton/T000470,Colorado,3,Republican,House: 2011-Present
"Representative Titus, Dina",https://www.congress.gov/member/dina-titus/T000468,Nevada,1,Democratic,"House: 2009-2011, 2013-Present"
"Representative Tonko, Paul",https://www.congress.gov/member/paul-tonko/T000469,New York,20,Democratic,House: 2009-Present
"Representative Torres, Norma J.",https://www.congress.gov/member/norma-torres/T000474,California,35,Democratic,House: 2015-Present
"Representative Trott, David A.",https://www.congress.gov/member/david-trott/T000475,Michigan,11,Republican,House: 2015-2019
"Representative Tsongas, Niki",https://www.congress.gov/member/niki-tsongas/T000465,Massachusetts,3,Democratic,House: 2007-2019
"Representative Turner, Michael R.",https://www.congress.gov/member/michael-turner/T000463,Ohio,10,Republican,House: 2003-Present
"Representative Upton, Fred",https://www.congress.gov/member/fred-upton/U000031,Michigan,6,Republican,House: 1987-Present
"Representative Valadao, David G.",https://www.congress.gov/member/david-valadao/V000129,California,21,Republican,House: 2013-2019
"Senator Van Hollen, Chris",https://www.congress.gov/member/chris-van-hollen/V000128,Maryland,,Democratic,Senate: 2017-Present | House: 2003-2017
"Representative Vargas, Juan",https://www.congress.gov/member/juan-vargas/V000130,California,51,Democratic,House: 2013-Present
"Representative Veasey, Marc A.",https://www.congress.gov/member/marc-veasey/V000131,Texas,33,Democratic,House: 2013-Present
"Representative Vela, Filemon",https://www.congress.gov/member/filemon-vela/V000132,Texas,34,Democratic,House: 2013-Present
"Representative Velazquez, Nydia M.",https://www.congress.gov/member/nydia-velazquez/V000081,New York,7,Democratic,House: 1993-Present
"Representative Visclosky, Peter J.",https://www.congress.gov/member/peter-visclosky/V000108,Indiana,1,Democratic,House: 1985-Present
"Representative Wagner, Ann",https://www.congress.gov/member/ann-wagner/W000812,Missouri,2,Republican,House: 2013-Present
"Representative Walberg, Tim",https://www.congress.gov/member/tim-walberg/W000798,Michigan,7,Republican,"House: 2007-2009, 2011-Present"
"Representative Walden, Greg",https://www.congress.gov/member/greg-walden/W000791,Oregon,2,Republican,House: 1999-Present
"Representative Walker, Mark",https://www.congress.gov/member/mark-walker/W000819,North Carolina,6,Republican,House: 2015-Present
"Representative Walorski, Jackie",https://www.congress.gov/member/jackie-walorski/W000813,Indiana,2,Republican,House: 2013-Present
"Representative Walters, Mimi",https://www.congress.gov/member/mimi-walters/W000820,California,45,Republican,House: 2015-2019
"Representative Walz, Timothy J.",https://www.congress.gov/member/timothy-walz/W000799,Minnesota,1,Democratic,House: 2007-2019
"Representative Wasserman Schultz, Debbie",https://www.congress.gov/member/debbie-wasserman-schultz/W000797,Florida,23,Democratic,House: 2005-Present
"Representative Waters, Maxine",https://www.congress.gov/member/maxine-waters/W000187,California,43,Democratic,House: 1991-Present
"Representative Watson Coleman, Bonnie",https://www.congress.gov/member/bonnie-watson-coleman/W000822,New Jersey,12,Democratic,House: 2015-Present
"Representative Weber, Randy K., Sr.",https://www.congress.gov/member/randy-weber/W000814,Texas,14,Republican,House: 2013-Present
"Representative Webster, Daniel",https://www.congress.gov/member/daniel-webster/W000806,Florida,11,Republican,House: 2011-Present
"Representative Welch, Peter",https://www.congress.gov/member/peter-welch/W000800,Vermont,,Democratic,House: 2007-Present
"Representative Wenstrup, Brad R.",https://www.congress.gov/member/brad-wenstrup/W000815,Ohio,2,Republican,House: 2013-Present
"Representative Westerman, Bruce",https://www.congress.gov/member/bruce-westerman/W000821,Arkansas,4,Republican,House: 2015-Present
"Representative Westmoreland, Lynn A.",https://www.congress.gov/member/lynn-westmoreland/W000796,Georgia,3,Republican,House: 2005-2017
"Representative Whitfield, Ed",https://www.congress.gov/member/edward-whitfield/W000413,Kentucky,1,Republican,House: 1995-2016
"Representative Williams, Roger",https://www.congress.gov/member/roger-williams/W000816,Texas,25,Republican,House: 2013-Present
"Representative Wilson, Frederica S.",https://www.congress.gov/member/frederica-wilson/W000808,Florida,24,Democratic,House: 2011-Present
"Representative Wilson, Joe",https://www.congress.gov/member/joe-wilson/W000795,South Carolina,2,Republican,House: 2001-Present
"Representative Wittman, Robert J.",https://www.congress.gov/member/robert-wittman/W000804,Virginia,1,Republican,House: 2007-Present
"Representative Womack, Steve",https://www.congress.gov/member/steve-womack/W000809,Arkansas,3,Republican,House: 2011-Present
"Representative Woodall, Rob",https://www.congress.gov/member/rob-woodall/W000810,Georgia,7,Republican,House: 2011-Present
"Representative Yarmuth, John A.",https://www.congress.gov/member/john-yarmuth/Y000062,Kentucky,3,Democratic,House: 2007-Present
"Representative Yoder, Kevin",https://www.congress.gov/member/kevin-yoder/Y000063,Kansas,3,Republican,House: 2011-2019
"Representative Yoho, Ted S.",https://www.congress.gov/member/ted-yoho/Y000065,Florida,3,Republican,House: 2013-Present
"Representative Young, David",https://www.congress.gov/member/david-young/Y000066,Iowa,3,Republican,House: 2015-2019
"Representative Young, Don",https://www.congress.gov/member/don-young/Y000033,Alaska,,Republican,House: 1973-Present
"Senator Young, Todd C.",https://www.congress.gov/member/todd-young/Y000064,Indiana,,Republican,Senate: 2017-Present | House: 2011-2017
"Representative Zeldin, Lee M.",https://www.congress.gov/member/lee-zeldin/Z000017,New York,1,Republican,House: 2015-Present
"Representative Zinke, Ryan K.",https://www.congress.gov/member/ryan-zinke/Z000018,Montana,,Republican,House: 2015-2017